<?xml version="1.0" encoding="UTF-8"?>
<project-private xmlns="http://www.netbeans.org/ns/project-private/1">
    <editor-bookmarks xmlns="http://www.netbeans.org/ns/editor-bookmarks/2" lastBookmarkId="0"/>
    <open-files xmlns="http://www.netbeans.org/ns/projectui-open-files/2">
        <group>
            <file>file:/C:/xampp/tomcat/WebApplication5/src/java/RemoveItemServlet.java</file>
            <file>file:/C:/xampp/tomcat/WebApplication5/src/java/AddItemServlet.java</file>
            <file>file:/C:/xampp/tomcat/WebApplication5/src/java/ViewCartServlet.java</file>
            <file>file:/C:/xampp/tomcat/WebApplication5/web/index.html</file>
            <file>file:/C:/xampp/tomcat/WebApplication5/web/Remove.html</file>
        </group>
    </open-files>
</project-private>
